,Age,Constituency,Criminal_Cases,Education_Level,Name,Number_of_Cases,PAN_Given_(Y_or_N),Party_Code,Total_Assets,Total_Liabilities,common_link,elec_link
0,61,MAYNAGURI (SC) : BYE- ELECTION ON 17-04-2014,No,Graduate,Ananta Deb Adhikari in West Bengal Bye Election 2013,0,Y,AITC,7997023,0,http://myneta.info/compare_profile.php?group_id=uxDwEjLhQwDdGqnfSTC,http://myneta.info/westbengal2013bye/candidate.php?candidate_id=29
1,58,MAYNAGURI (SC),No,Graduate,Ananta Deb Adhikari in West Bengal 2011,0,Y,RSP,3952381,50000,http://myneta.info/compare_profile.php?group_id=uxDwEjLhQwDdGqnfSTC,http://myneta.info/westbengal2011/candidate.php?candidate_id=39
2,62,MADARIHAT (ST),No,10th Pass,Kumari Kujur in West Bengal 2011,0,Y,RSP,737223,143000,http://myneta.info/compare_profile.php?group_id=d5DTemqwiHUYgxcECBJm,http://myneta.info/westbengal2011/candidate.php?candidate_id=35
3,64,Madarihat,No,10th Pass,KUMARI KUJUR  in West Bengal 2006,0,Y,RSP,664868,77942,http://myneta.info/compare_profile.php?group_id=d5DTemqwiHUYgxcECBJm,http://myneta.info/wb2006/candidate.php?candidate_id=27
4,58,KALCHINI (ST),Yes,12th Pass,Paban Kumar Lakra in West Bengal 2011,1,Y,AITC,463890,90911,http://myneta.info/compare_profile.php?group_id=6GCx5CsZPxQ9i6vRhti9,http://myneta.info/westbengal2011/candidate.php?candidate_id=30
5,56,Alipurduars,No,12th Pass,Paban Kumar Lakra in Lok Sabha 2009,0,Y,AITC,112491,104949,http://myneta.info/compare_profile.php?group_id=6GCx5CsZPxQ9i6vRhti9,http://myneta.info/ls2009/candidate.php?candidate_id=4788
6,53,Kalchini,No,10th Pass,PABAN KUMAR LAKRA  in West Bengal 2006,0,Y,INC,39690,83968,http://myneta.info/compare_profile.php?group_id=6GCx5CsZPxQ9i6vRhti9,http://myneta.info/wb2006/candidate.php?candidate_id=22
7,62,ALIPURDUARS,Yes,Graduate,Deba Prasad Roy in West Bengal 2011,1,Y,INC,1255667,3001464,http://myneta.info/compare_profile.php?group_id=4sTMKR4HCPVRG8EhY3Lc,http://myneta.info/westbengal2011/candidate.php?candidate_id=32
8,57,Jalpaiguri,No,Graduate,DEBA PRASAD ROY  in West Bengal 2006,0,Y,INC,4766476,2360076,http://myneta.info/compare_profile.php?group_id=4sTMKR4HCPVRG8EhY3Lc,http://myneta.info/wb2006/candidate.php?candidate_id=39
9,46,KAMAN,No,8th Pass,Toran Singh in Rajasthan 2013,0,Y,BYS,2831000,1000000,http://myneta.info/compare_profile.php?group_id=4CaCzmBGda9zxknwP8Y,http://myneta.info/rajasthan2013/candidate.php?candidate_id=1417
10,41,Nadbai,No,10th Pass,TORAN SINGH                                                             in Rajasthan 2008,0,Y,RJVP,2382000,0,http://myneta.info/compare_profile.php?group_id=4CaCzmBGda9zxknwP8Y,http://myneta.info/rj2008/candidate.php?candidate_id=1286
11,33,JAUNPUR,No,Graduate,Dr.Sanjivan Bind in Loksabha 2014,0,Y,IND,9626000,500000,http://myneta.info/compare_profile.php?group_id=Ft68PGuygyVD372NqGw,http://myneta.info/ls2014/candidate.php?candidate_id=9653
12,31,JAUNPUR,No,Graduate,Sajeewan  in Uttar Pradesh 2012,0,Y,IND,13650000,17000,http://myneta.info/compare_profile.php?group_id=Ft68PGuygyVD372NqGw,http://myneta.info/up2012/candidate.php?candidate_id=6863
13,59,TRAL,No,Post Graduate,Mushtaq Ahmad Shah in Jammu & Kashmir Election 2014,0,Y,JKPDP,25787179,300000,http://myneta.info/compare_profile.php?group_id=9QHisXyPNVqStJkjypKX,http://myneta.info/jk2014/candidate.php?candidate_id=493
14,53,Tral,No,Post Graduate,MUSHTAQ AHMAD SHAH in Jammu & Kashmir 2008,0,N,JKPDP,21175000,400000,http://myneta.info/compare_profile.php?group_id=9QHisXyPNVqStJkjypKX,http://myneta.info/jk2008/candidate.php?candidate_id=488
15,45,MANENDRAGARH,No,Graduate,Gulab Singh Gond in Chhattisgarh 2013,0,Y,INC,9210023,1503217,http://myneta.info/compare_profile.php?group_id=u6SSu4rWwNh5uJbgqBxU,http://myneta.info/chhattisgarh2013/candidate.php?candidate_id=496
16,41,Bharatpur-Sonhat,No,Graduate,GULAB SINGH in Chattisgarh 2008,0,Y,INC,1486425,1608000,http://myneta.info/compare_profile.php?group_id=u6SSu4rWwNh5uJbgqBxU,http://myneta.info/2008Chhattisgarh/candidate.php?candidate_id=202
17,68,MANENDRAGARH,Yes,Graduate,Ramanuj Agrawal in Chhattisgarh 2013,1,Y,NCP,72118463,1490814,http://myneta.info/compare_profile.php?group_id=meSdAUiiAhfHzWf4RTT,http://myneta.info/chhattisgarh2013/candidate.php?candidate_id=495
18,54,Manendragarh,Yes,12th Pass,RAMANUJ (RAMU BHAIYA ) in Chattisgarh 2008,1,Y,NCP,10220687,120000,http://myneta.info/compare_profile.php?group_id=meSdAUiiAhfHzWf4RTT,http://myneta.info/2008Chhattisgarh/candidate.php?candidate_id=206
19,51,BAIKUNTHPUR,No,5th Pass,Bedanti Prasad Tivari in Chhattisgarh 2013,0,Y,INC,24342366,527726,http://myneta.info/compare_profile.php?group_id=8YfHdDAFVDa74cyeMRek,http://myneta.info/chhattisgarh2013/candidate.php?candidate_id=499
20,47,Baikunthpur,No,Not Given,BEDANTI TIWARI in Chattisgarh 2008,0,Y,INC,6263000,569000,http://myneta.info/compare_profile.php?group_id=8YfHdDAFVDa74cyeMRek,http://myneta.info/2008Chhattisgarh/candidate.php?candidate_id=210
21,53,JAYNAGAR,No,Graduate,Arnab Roy in Loksabha 2014,0,Y,INC,5661003,1080000,http://myneta.info/compare_profile.php?group_id=w5c3USPFE9xeBTbyTE,http://myneta.info/ls2014/candidate.php?candidate_id=9384
22,50,BASANTI (SC),No,Graduate,Arnab Roy in West Bengal 2011,0,Y,INC,1361000,200000,http://myneta.info/compare_profile.php?group_id=w5c3USPFE9xeBTbyTE,http://myneta.info/westbengal2011/candidate.php?candidate_id=725
23,62,JAYNAGAR,No,Graduate,Subhas Naskar in Loksabha 2014,0,Y,RSP,4135709,0,http://myneta.info/compare_profile.php?group_id=Rews995bEu66hE7ezNSR,http://myneta.info/ls2014/candidate.php?candidate_id=9386
24,59,BASANTI (SC),No,Graduate,Subhas Naskar in West Bengal 2011,0,Y,RSP,1804001,0,http://myneta.info/compare_profile.php?group_id=Rews995bEu66hE7ezNSR,http://myneta.info/westbengal2011/candidate.php?candidate_id=724
25,39,BUDHANA,No,Graduate Professional,Yog Raj Singh in Uttar Pradesh 2012,0,Y,BSP,26151196,1000000,http://myneta.info/compare_profile.php?group_id=qi6fTVJedrPRpmgYiVE,http://myneta.info/up2012/candidate.php?candidate_id=1846
26,34,Khatauli,No,Graduate Professional,YOGRAJ SINGH in Uttar Pradesh 2007,0,Y,BSP,7293320,0,http://myneta.info/compare_profile.php?group_id=qi6fTVJedrPRpmgYiVE,http://myneta.info/up2007/candidate.php?candidate_id=765
27,41,CHHENDIPADA,No,12th Pass,Gobinda Naik in Odisha 2014,0,Y,BSP,102695000,0,http://myneta.info/compare_profile.php?group_id=iAhqy54LvHgKWwkRBdNh,http://myneta.info/odisha2014/candidate.php?candidate_id=361
28,36,CHHENDIPADA (SC),No,Not Given,Gobinda Naik in Orissa 2009,0,Y,BSP,9718000,3000500,http://myneta.info/compare_profile.php?group_id=iAhqy54LvHgKWwkRBdNh,http://myneta.info/orissa2009/candidate.php?candidate_id=268
29,61,ANAND,No,Graduate Professional,Pursottambhai Mathurbhai Chauhan in Loksabha 2014,0,Y,BSP,7356493,18000,http://myneta.info/compare_profile.php?group_id=wkZqTogcaUDxsWopZY2z,http://myneta.info/ls2014/candidate.php?candidate_id=4565
30,60,KHAMBHAT,No,Others,Purshottambhai Mathurbhai Chauhan in Gujarat 2012,0,Y,BSP,4751017,0,http://myneta.info/compare_profile.php?group_id=wkZqTogcaUDxsWopZY2z,http://myneta.info/gujarat2012/candidate.php?candidate_id=1940
31,35,KAPILVASTU (SC),No,Graduate,Manju Devi in Uttar Pradesh 2012,0,Y,IND,12965000,390000,http://myneta.info/compare_profile.php?group_id=8xAkvNCAmDZ9pwnfo4Um,http://myneta.info/up2012/candidate.php?candidate_id=2713
32,31,Khalilabad,No,Graduate,MANJU DEVI in Uttar Pradesh 2007,0,Y,RLD,675510,200000,http://myneta.info/compare_profile.php?group_id=8xAkvNCAmDZ9pwnfo4Um,http://myneta.info/up2007/candidate.php?candidate_id=1105
33,39,BHAVNAGAR,No,Graduate Professional,Gita Chetan Paunda in Loksabha 2014,0,Y,BSP,468200,113000,http://myneta.info/compare_profile.php?group_id=oq4NxDCC44zWHVXMQQ4X,http://myneta.info/ls2014/candidate.php?candidate_id=4586
34,37,BHAVNAGAR EAST,No,Graduate,Ponda Geeta Chetan in Gujarat 2012,0,Y,IND,195425,47000,http://myneta.info/compare_profile.php?group_id=oq4NxDCC44zWHVXMQQ4X,http://myneta.info/gujarat2012/candidate.php?candidate_id=162
35,38,KALAGHATGI,No,Graduate,Santhosh Lad in Karnataka 2013,0,Y,INC,1864009320,99147816,http://myneta.info/compare_profile.php?group_id=Rhjq7og9doYWr2UTeFM,http://myneta.info/karnataka2013/candidate.php?candidate_id=906
36,33,Kalghatgi,No,Graduate,SANTOSH.S. LAD in Karnataka 2008,0,Y,INC,615537653,13430000,http://myneta.info/compare_profile.php?group_id=Rhjq7og9doYWr2UTeFM,http://myneta.info/karnatka2008/candidate.php?candidate_id=859
37,38,BAHORIBAND : BYE- ELECTION ON 21-08-2014,No,Post Graduate,Kunwar Saurabh Singh in Madhya Pradesh 2013,0,Y,INC,57396712,3308473,http://myneta.info/compare_profile.php?group_id=oDZkcafdZyntTtNJy2C5,http://myneta.info/mp2013/candidate.php?candidate_id=2781
38,37,BAHORIBAND,No,Post Graduate,Kunwar Sourabh Singh in Madhya Pradesh 2013,0,Y,BSP,57379320,3566083,http://myneta.info/compare_profile.php?group_id=oDZkcafdZyntTtNJy2C5,http://myneta.info/mp2013/candidate.php?candidate_id=541
39,28,Bahoriband,No,Post Graduate,KUNWAR SAURABH SINGH  in Madhya Pradesh 2008,0,Y,BSP,4498604,650261,http://myneta.info/compare_profile.php?group_id=oDZkcafdZyntTtNJy2C5,http://myneta.info/2008mp/candidate.php?candidate_id=915
40,42,JABALPUR WEST,Yes,12th Pass,Tarun in Madhya Pradesh 2013,8,Y,INC,72012352,14972434,http://myneta.info/compare_profile.php?group_id=AqNWXtvzmU8Ak2YV4j8,http://myneta.info/mp2013/candidate.php?candidate_id=549
41,37,Jabalpur Paschim,Yes,Graduate Professional,TARUN BHANOT in Madhya Pradesh 2008,1,Y,INC,15627345,1898341,http://myneta.info/compare_profile.php?group_id=AqNWXtvzmU8Ak2YV4j8,http://myneta.info/2008mp/candidate.php?candidate_id=204
42,58,SARVEPALLI,No,12th Pass,Chandramohan Reddy Somireddy in Andhra Pradesh 2014,0,Y,TDP,158936129,21389277,http://myneta.info/compare_profile.php?group_id=7GXiT4xHndeFFFCgm37z,http://myneta.info/andhra2014/candidate.php?candidate_id=3515
43,56,KOVUR : BYE ELECTION ON 18-03-2012,No,12th Pass,Somireddy Chandramohan Reddy in Andhra Pradesh Bye Election,0,Y,TDP,56854000,23844344,http://myneta.info/compare_profile.php?group_id=7GXiT4xHndeFFFCgm37z,http://myneta.info/apbye/candidate.php?candidate_id=21
44,61,VELLORE,No,Graduate Professional,C. Gnanasekaran  in Tamil Nadu 2011,0,Y,INC,31358702,0,http://myneta.info/compare_profile.php?group_id=r6vmJEDvUSP9MqZpXLSH,http://myneta.info/tamilnadu2011/candidate.php?candidate_id=316
45,56,Vellore,No,Graduate Professional,GNANASEKARAN.C in Tamil Nadu  2006,0,Y,INC,3237564,2200000,http://myneta.info/compare_profile.php?group_id=r6vmJEDvUSP9MqZpXLSH,http://myneta.info/tn2006/candidate.php?candidate_id=455
46,42,SRIPERUMBUDUR,Yes,Post Graduate,Arul Anbarasu in Loksabha 2014,2,Y,INC,45125593,27706387,http://myneta.info/compare_profile.php?group_id=7sPToRDLwx4cZCVeJVk,http://myneta.info/ls2014/candidate.php?candidate_id=7371
47,40,SHOLINGUR,No,Graduate Professional,Arul Anbarasu  in Tamil Nadu 2011,0,Y,INC,27475000,25300000,http://myneta.info/compare_profile.php?group_id=7sPToRDLwx4cZCVeJVk,http://myneta.info/tamilnadu2011/candidate.php?candidate_id=315
48,61,MADURANTAKAM,No,Post Graduate,K.Jayakumar in Tamil Nadu 2011,0,Y,INC,14907022,0,http://myneta.info/compare_profile.php?group_id=vnHSJX2XKuaVafzoKUr,http://myneta.info/tamilnadu2011/candidate.php?candidate_id=313
49,56,Namakkal,No,Doctorate,JAYAKUMAR.K in Tamil Nadu  2006,0,Y,INC,3182000,0,http://myneta.info/compare_profile.php?group_id=vnHSJX2XKuaVafzoKUr,http://myneta.info/tn2006/candidate.php?candidate_id=231
50,45,VILLUPURAM,Yes,Graduate Professional,C.Ve. Shanmugam in Tamil Nadu 2011,6,Y,AIADMK,5890799,0,http://myneta.info/compare_profile.php?group_id=jR9acSiqSYJgWkvkVtP7,http://myneta.info/tamilnadu2011/candidate.php?candidate_id=319
51,41,Tindivanam,Yes,Graduate Professional,SHANMUGAM. C.VE.  in Tamil Nadu  2006,5,Y,AIADMK,2040763,548000,http://myneta.info/compare_profile.php?group_id=jR9acSiqSYJgWkvkVtP7,http://myneta.info/tn2006/candidate.php?candidate_id=77
52,38,SULTANPUR,Yes,Post Graduate,Mohd. Tahir  Khan in Uttar Pradesh 2012,6,Y,BSP,17936180,211717,http://myneta.info/compare_profile.php?group_id=UNc62EeLi4S53rBDAX,http://myneta.info/up2012/candidate.php?candidate_id=829
53,33,Sultanpur,Yes,12th Pass,MOHD.TAHIR in Lok Sabha 2009,6,Y,BSP,10839346,464965,http://myneta.info/compare_profile.php?group_id=UNc62EeLi4S53rBDAX,http://myneta.info/ls2009/candidate.php?candidate_id=3854
54,65,ISAULI,No,Graduate Professional,Muid Ahmad in Uttar Pradesh 2012,0,Y,INC,13065011,900000,http://myneta.info/compare_profile.php?group_id=qAJwbrUuL4LDAwK5wwwe,http://myneta.info/up2012/candidate.php?candidate_id=823
55,64,Sultanpur,No,Post Graduate,MUID AHMAD in Uttar Pradesh 2007,0,Y,INC,8994582,290000,http://myneta.info/compare_profile.php?group_id=qAJwbrUuL4LDAwK5wwwe,http://myneta.info/up2007/candidate.php?candidate_id=1020
56,57,SINDHKHED RAJA,Yes,Graduate Professional,Khedekar Shashikant Narsingrao in Maharashtra Election 2014,8,Y,SHS,8476836,15000,http://myneta.info/compare_profile.php?group_id=wPSYfBSbrxeGgaYwcKk4,http://myneta.info/maharashtra2014/candidate.php?candidate_id=1219
57,53,Sindkhed Raja,Yes,Graduate Professional,Khedekar Dr. Shashikant Narsingh in Maharashtra 2009,6,Y,SHS,2810119,15000,http://myneta.info/compare_profile.php?group_id=wPSYfBSbrxeGgaYwcKk4,http://myneta.info/mh2009/candidate.php?candidate_id=668
58,47,SINDKHEDRAJA,Yes,Graduate Professional,DR.KHEDEKAR SHASHIKANT NARSINGRAO in Maharashtra 2004,1,Y,SHS,4131088,41887,http://myneta.info/compare_profile.php?group_id=wPSYfBSbrxeGgaYwcKk4,http://myneta.info/mah2004/candidate.php?candidate_id=391
59,63,BANJAR,No,Graduate Professional,Khimi Ram in Himachal Pradesh 2012,0,Y,BJP,72663071,0,http://myneta.info/compare_profile.php?group_id=2d7YMCzttPQhro6Swno,http://myneta.info/hp2012/candidate.php?candidate_id=380
60,57,Banjar,No,Graduate Professional,KHIMI RAM  in Himachal 2007,0,Y,BJP,46603000,0,http://myneta.info/compare_profile.php?group_id=2d7YMCzttPQhro6Swno,http://myneta.info/him2007/candidate.php?candidate_id=13
61,84,THEOG,No,Graduate,Vidya in Himachal Pradesh 2012,0,Y,INC,80511841,1300000,http://myneta.info/compare_profile.php?group_id=dfqhTv4kM9yEw9rUgcWQ,http://myneta.info/hp2012/candidate.php?candidate_id=385
62,80,Kumarsain,No,Not Given,VIDYA  in Himachal 2007,0,Y,INC,9767801,0,http://myneta.info/compare_profile.php?group_id=dfqhTv4kM9yEw9rUgcWQ,http://myneta.info/him2007/candidate.php?candidate_id=127
63,60,TOSHAM,No,Graduate Professional,Ram Niwas in Haryana Election 2014,0,Y,IND,59165921,411792,http://myneta.info/compare_profile.php?group_id=puJzTCKMdchTPFdvet94,http://myneta.info/haryana2014/candidate.php?candidate_id=315
64,58,HISAR :BYE-ELECTION ON 13-10-2011,No,Graduate Professional,Ram Niwas Sharma in Loksabha Bye Election,0,Y,IND,37152794,0,http://myneta.info/compare_profile.php?group_id=puJzTCKMdchTPFdvet94,http://myneta.info/lsbyelection/candidate.php?candidate_id=32
65,55,Panchkula,No,Graduate Professional,RAM NIWAS in Haryana 2009,0,Y,SP,36171314,2887900,http://myneta.info/compare_profile.php?group_id=puJzTCKMdchTPFdvet94,http://myneta.info/ha2009/candidate.php?candidate_id=30
66,50,Hissar,No,Graduate Professional,RAMNIWAS in Lok Sabha 2004,0,Y,SP,4088515,0,http://myneta.info/compare_profile.php?group_id=puJzTCKMdchTPFdvet94,http://myneta.info/loksabha2004/candidate.php?candidate_id=1245
67,59,KOPPAL,Yes,10th Pass,Sanganna A. Karadi in Loksabha 2014,1,Y,BJP,12127000,6848000,http://myneta.info/compare_profile.php?group_id=dNgjdyPFWMx2B7nq9vQb,http://myneta.info/ls2014/candidate.php?candidate_id=1186
68,59,KOPPAL,Yes,10th Pass,Sanganna Amarappa Karadi in Karnataka 2013,1,Y,BJP,11875000,2798000,http://myneta.info/compare_profile.php?group_id=dNgjdyPFWMx2B7nq9vQb,http://myneta.info/karnataka2013/candidate.php?candidate_id=99
69,50,THANESAR,No,Graduate,Subhash Sudha in Haryana Election 2014,0,Y,BJP,56517000,3500000,http://myneta.info/compare_profile.php?group_id=UMUoiPQcip44aczjKfC7,http://myneta.info/haryana2014/candidate.php?candidate_id=47
70,45,Thanesar,No,Graduate,SUBHASH SUDHA in Haryana 2009,0,Y,IND,30964746,0,http://myneta.info/compare_profile.php?group_id=UMUoiPQcip44aczjKfC7,http://myneta.info/ha2009/candidate.php?candidate_id=1209
71,57,BANGALORE RURAL,No,Graduate,J. T.Prakash in Loksabha 2014,0,Y,IND,4854168,0,http://myneta.info/compare_profile.php?group_id=stmGYDw3qzYDrmf7njud,http://myneta.info/ls2014/candidate.php?candidate_id=1092
72,56,CHANNAPATNA,No,Graduate Professional,J.T.Prakash in Karnataka 2013,0,Y,IND,4810000,0,http://myneta.info/compare_profile.php?group_id=stmGYDw3qzYDrmf7njud,http://myneta.info/karnataka2013/candidate.php?candidate_id=2771
73,56,BANGALORE RURAL : BYE- ELECTION ON 21-08-2013,No,Graduate Professional,J.T.Prakash in Lok sabha Bye election 2012,0,N,JD(U),4790000,0,http://myneta.info/compare_profile.php?group_id=stmGYDw3qzYDrmf7njud,http://myneta.info/lsbye2012/candidate.php?candidate_id=94
74,40,SARDULGARH,Yes,10th Pass,Nem Chand Chaudhary in Punjab 2012,1,Y,PPP,7953017,0,http://myneta.info/compare_profile.php?group_id=fpZ98uVmLBsX7MRxJZry,http://myneta.info/pb2012/candidate.php?candidate_id=307
75,43,BAKSHI KAA TALAB,Yes,12th Pass,Rajesh Kumar Pandey  in Uttar Pradesh 2012,1,Y,AITC,1771000,290000,http://myneta.info/compare_profile.php?group_id=B5n3aUaoF3DP5Rn362B,http://myneta.info/up2012/candidate.php?candidate_id=4655
76,40,Lucknow,No,12th Pass,RAJESH KUMAR PANDEY in Lok Sabha 2009,0,Y,AITC,92000,0,http://myneta.info/compare_profile.php?group_id=B5n3aUaoF3DP5Rn362B,http://myneta.info/ls2009/candidate.php?candidate_id=5585
77,53,ETAH,No,Graduate Professional,Rajvir Singh in Loksabha 2014,0,Y,BJP,251921157,46898091,http://myneta.info/compare_profile.php?group_id=ZNEkCHG8X6te8Ghmzt9j,http://myneta.info/ls2014/candidate.php?candidate_id=4277
78,51,DEBAI,No,Graduate Professional,Rajveer Singh in Uttar Pradesh 2012,0,Y,JKP,118834795,0,http://myneta.info/compare_profile.php?group_id=ZNEkCHG8X6te8Ghmzt9j,http://myneta.info/up2012/candidate.php?candidate_id=3608
79,64,PARJANGA,Yes,Graduate Professional,Nrusingha Charan Sahu in Odisha 2014,1,Y,BJD,9741059,900000,http://myneta.info/compare_profile.php?group_id=guhAgrqfZKdYDcfMFg2,http://myneta.info/odisha2014/candidate.php?candidate_id=1151
80,58,PARJANGA,Yes,Graduate Professional,Dr.Nrusingha Sahu in Orissa 2009,2,Y,BJD,5506000,0,http://myneta.info/compare_profile.php?group_id=guhAgrqfZKdYDcfMFg2,http://myneta.info/orissa2009/candidate.php?candidate_id=1244
81,58,HEGGADADEVANKOTE,Yes,Doctorate,Dr. H.V.Krishana Swami in Karnataka 2013,2,Y,KJP,37407000,10000000,http://myneta.info/compare_profile.php?group_id=qz3EnBWfSaMbGXscWBfo,http://myneta.info/karnataka2013/candidate.php?candidate_id=1023
82,53,Varuna,Yes,Doctorate,H.V. KRISHNASWAMY in Karnataka 2008,1,Y,JD(S),16302383,8236500,http://myneta.info/compare_profile.php?group_id=qz3EnBWfSaMbGXscWBfo,http://myneta.info/karnatka2008/candidate.php?candidate_id=1840
83,55,NALA,No,Graduate Professional,Rabindra Nath Mahato in Jharkhand Election 2014,0,Y,JMM,5028992,357275,http://myneta.info/compare_profile.php?group_id=owAkoSSWxve74cPixSkt,http://myneta.info/jharkhand2014/candidate.php?candidate_id=1128
84,50,Nala,No,Graduate Professional,Rabindra Nath Mahato in Jharkhand 2009,0,Y,JMM,1028021,36000,http://myneta.info/compare_profile.php?group_id=owAkoSSWxve74cPixSkt,http://myneta.info/jarka09/candidate.php?candidate_id=66
85,60,NALA,Yes,12th Pass,Satyanand Jha in Jharkhand Election 2014,1,Y,BJP,4701588,375863,http://myneta.info/compare_profile.php?group_id=MUjTrFiomaDVJo4aGU93,http://myneta.info/jharkhand2014/candidate.php?candidate_id=1129
86,55,Nala,Yes,12th Pass,Satyanand Jha in Jharkhand 2009,1,N,BJP,567912,0,http://myneta.info/compare_profile.php?group_id=MUjTrFiomaDVJo4aGU93,http://myneta.info/jarka09/candidate.php?candidate_id=67
87,50,Nala,Yes,12th Pass,SATYANAND JHA in Jharkhand 2005,1,N,BJP,141972,0,http://myneta.info/compare_profile.php?group_id=MUjTrFiomaDVJo4aGU93,http://myneta.info/jarka05/candidate.php?candidate_id=84
88,44,NIZAMABAD,No,8th Pass,Abdul Kareem Khan in Loksabha 2014,0,Y,IND,6850000,800000,http://myneta.info/compare_profile.php?group_id=9dMhsSBjS76tG4eEPWKt,http://myneta.info/ls2014/candidate.php?candidate_id=6483
89,44,NIZAMABAD (RURAL),No,8th Pass,Abdul Kareem Khan in Telangana 2014,0,Y,IND,6850000,800000,http://myneta.info/compare_profile.php?group_id=9dMhsSBjS76tG4eEPWKt,http://myneta.info/telangana2014/candidate.php?candidate_id=1175
90,66,NIZAMABAD (RURAL),No,Graduate Professional,Dharmapuri Srinivaas in Telangana 2014,0,Y,INC,215555963,23309175,http://myneta.info/compare_profile.php?group_id=CsyctxS9jPS8SPSgCMr,http://myneta.info/telangana2014/candidate.php?candidate_id=1171
91,57,NIZAMABAD (URBAN),No,Graduate Professional,Dharmapuri Srinivas in Andhra Pradesh 2009,0,Y,INC,94339117,0,http://myneta.info/compare_profile.php?group_id=CsyctxS9jPS8SPSgCMr,http://myneta.info/ap09/candidate.php?candidate_id=243
92,62,Nizamabad (Urban): Bye Election on 2010,No,Graduate Professional,Dharmapuri Srinivas  in Andhra Pradesh 2009,0,Y,INC,142653989,139265256,http://myneta.info/compare_profile.php?group_id=CsyctxS9jPS8SPSgCMr,http://myneta.info/ap09/candidate.php?candidate_id=3236
93,46,ARMORI (ST),No,12th Pass,Anandrao Gedam in Maharashtra Election 2014,0,Y,INC,14593862,3272076,http://myneta.info/compare_profile.php?group_id=BFp9bqWWrNWKh5yyfarn,http://myneta.info/maharashtra2014/candidate.php?candidate_id=499
94,41,Armori (ST),Yes,12th Pass,Anandrao Gangaram Gedam in Maharashtra 2009,1,Y,INC,1655405,0,http://myneta.info/compare_profile.php?group_id=BFp9bqWWrNWKh5yyfarn,http://myneta.info/mh2009/candidate.php?candidate_id=1288
95,49,NAGPUR WEST,No,Graduate,Vikas Pandurang Thakare in Maharashtra Election 2014,0,Y,INC,72724997,16980008,http://myneta.info/compare_profile.php?group_id=c5stQyFro2aBJNuX2CAJ,http://myneta.info/maharashtra2014/candidate.php?candidate_id=492
96,43,Nagpur South West,No,Graduate,Vikas Pandurang Thakre  in Maharashtra 2009,0,Y,INC,10188628,51860,http://myneta.info/compare_profile.php?group_id=c5stQyFro2aBJNuX2CAJ,http://myneta.info/mh2009/candidate.php?candidate_id=1060
97,53,RAMTEK,Yes,Graduate Professional,Subodh Baburao Mohite in Maharashtra Election 2014,3,Y,INC,100276921,17422000,http://myneta.info/compare_profile.php?group_id=F6FZ9X3H8wPJyJt9egZd,http://myneta.info/maharashtra2014/candidate.php?candidate_id=494
98,42,Ramtek,Yes,Graduate Professional,MOHITE SUBODH BABURAO in Lok Sabha 2004,4,Y,SHS,4472038,0,http://myneta.info/compare_profile.php?group_id=F6FZ9X3H8wPJyJt9egZd,http://myneta.info/loksabha2004/candidate.php?candidate_id=2628
99,64,GONDIA,No,Graduate,Gopaldas Shankarlal Agrawal in Maharashtra Election 2014,0,Y,INC,33310248,8391816,http://myneta.info/compare_profile.php?group_id=icvGvWq2tpNff8GWEBDG,http://myneta.info/maharashtra2014/candidate.php?candidate_id=497
100,59,Gondiya,No,Graduate,Agarwal Gopaldas Shankarlal in Maharashtra 2009,0,Y,INC,26514602,4254667,http://myneta.info/compare_profile.php?group_id=icvGvWq2tpNff8GWEBDG,http://myneta.info/mh2009/candidate.php?candidate_id=1263
101,54,GONDIA,No,Graduate,AGRAWAL GOPALDAS SHANKARLAL in Maharashtra 2004,0,Y,INC,22017483,8409867,http://myneta.info/compare_profile.php?group_id=icvGvWq2tpNff8GWEBDG,http://myneta.info/mah2004/candidate.php?candidate_id=146
102,48,SAKOLI,Yes,Graduate,Sevakbhau Nirdhan Waghaye in Maharashtra Election 2014,4,Y,INC,42550511,4643928,http://myneta.info/compare_profile.php?group_id=VWDSmEviFwfV2LH4VjAT,http://myneta.info/maharashtra2014/candidate.php?candidate_id=496
103,43,Sakoli,No,12th Pass,Waghaye Sevakbhau Nirdhan in Maharashtra 2009,0,Y,INC,16269912,5834478,http://myneta.info/compare_profile.php?group_id=VWDSmEviFwfV2LH4VjAT,http://myneta.info/mh2009/candidate.php?candidate_id=1228
104,38,SAKOLI,Yes,Graduate Professional,SEVAKBHAU NIRDHANJI WAGHAYE (PATIL) in Maharashtra 2004,1,Y,INC,3075171,1186514,http://myneta.info/compare_profile.php?group_id=VWDSmEviFwfV2LH4VjAT,http://myneta.info/mah2004/candidate.php?candidate_id=149
105,40,SURGUJA,No,Graduate Professional,Kunj Bihari Paikra in Loksabha 2014,0,Y,Bahujan Mukti Party,2337000,125000,http://myneta.info/compare_profile.php?group_id=P9NJtS7Yc3GuuV2U548P,http://myneta.info/ls2014/candidate.php?candidate_id=4143
106,39,LUNDRA,No,Graduate Professional,Kunj Bihari Painkra in Chhattisgarh 2013,0,Y,IND,2337000,125000,http://myneta.info/compare_profile.php?group_id=P9NJtS7Yc3GuuV2U548P,http://myneta.info/chhattisgarh2013/candidate.php?candidate_id=516
107,39,GANGAPUR,Yes,Graduate,Krishna Sahebrao Patil in Maharashtra Election 2014,20,Y,NCP,104574799,10429357,http://myneta.info/compare_profile.php?group_id=vLJyyk8ZwK7Tbe333oV9,http://myneta.info/maharashtra2014/candidate.php?candidate_id=614
108,34,Gangapur,Yes,Graduate,Patil Krishna Dongaonkar in Maharashtra 2009,16,Y,IND,35776350,198211,http://myneta.info/compare_profile.php?group_id=vLJyyk8ZwK7Tbe333oV9,http://myneta.info/mh2009/candidate.php?candidate_id=1894
109,58,KHANAPUR,No,Graduate Professional,Sadashivrao Hanmantrao Patil in Maharashtra Election 2014,0,Y,INC,91309757,0,http://myneta.info/compare_profile.php?group_id=KGL4QfqMGybHj7tAi3U9,http://myneta.info/maharashtra2014/candidate.php?candidate_id=610
110,53,Khanapur,No,Graduate Professional,Patil  Sadashivrao Hanumatrao in Maharashtra 2009,0,Y,INC,34948241,174200,http://myneta.info/compare_profile.php?group_id=KGL4QfqMGybHj7tAi3U9,http://myneta.info/mh2009/candidate.php?candidate_id=3618
111,48,KHANAPUR ATPADI,No,Post Graduate,PATIL SADASHIVRAO HANMANTRAO in Maharashtra 2004,0,Y,IND,16398595,793292,http://myneta.info/compare_profile.php?group_id=KGL4QfqMGybHj7tAi3U9,http://myneta.info/mah2004/candidate.php?candidate_id=274
112,62,AMANPUR,No,Post Graduate,Virendra Singh Solanki in Uttar Pradesh 2012,0,Y,SP,7390000,0,http://myneta.info/compare_profile.php?group_id=697deuqpqsidTjaM5FyJ,http://myneta.info/up2012/candidate.php?candidate_id=1360
113,58,Sakit,No,Post Graduate,VIRENDRA SINGH SOLANKI in Uttar Pradesh 2007,0,Y,BJP,2139500,300000,http://myneta.info/compare_profile.php?group_id=697deuqpqsidTjaM5FyJ,http://myneta.info/up2007/candidate.php?candidate_id=1811
114,47,MALAD  WEST,No,8th Pass,Deepak Pandurang Pawar in Maharashtra Election 2014,0,Y,MNS,292626929,27000000,http://myneta.info/compare_profile.php?group_id=zVJewmT7t2KHnuBnASai,http://myneta.info/maharashtra2014/candidate.php?candidate_id=2163
